title,genre,year,developer,publisher,rating,description,characters,gameplay_mechanics,trivia,tips_easter_eggs
Shadow of the Colossus,Action-Adventure,2005,Team Ico,Sony Computer Entertainment,91,"Um jovem chamado Wander parte para reviver uma garota sacrificada, enfrentando 16 colossos em uma terra proibida.","Wander, Mono, Agro","Exploração em mundo aberto, escalada de colossos, uso de espada e arco","Considerado uma obra de arte, foi remasterizado para PS3 e PS4.",A espada aponta para o próximo colosso quando exposta à luz solar.
God of War II,Hack and Slash,2007,Santa Monica Studio,Sony Computer Entertainment,93,"Kratos busca vingança contra Zeus após ser traído, em uma jornada épica através da mitologia grega.","Kratos, Zeus, Gaia, Athena","Combate visceral, quebra-cabeças, quick time events",Utilizou 35MB de dados apenas para os músculos do modelo 3D de Kratos.,"Na cena do Cavalo Alado, voe além dos limites do mapa para encontrar um easter egg."
Metal Gear Solid 3: Snake Eater,Stealth,2004,Kojima Productions,Konami,91,Operação na Guerra Fria onde Naked Snake infiltra-se na Rússia para resgatar um cientista.,"Naked Snake, The Boss, Ocelot, Eva","Camuflagem, sistema de cura, combate CQC",O jogo tem múltiplas cenas que mudam conforme suas ações.,Deixe o jogo pausado por uma semana real para vencer um chefe automaticamente.
Grand Theft Auto: San Andreas,Action-Adventure,2004,Rockstar North,Rockstar Games,95,Carl Johnson retorna a Los Santos e se envolve em gangues enquanto desvenda o assassinato de sua mãe.,"CJ, Sweet, Big Smoke, Ryder, Officer Tenpenny","Mundo aberto, personalização de personagem, diversas armas e veículos",O mapa é baseado em cidades reais da Califórnia como LA e San Francisco.,"Digite 'HESOYAM' para ganhar saúde, armadura e $250.000."
Resident Evil 4,Survival Horror,2005,Capcom,Capcom,96,Leon S. Kennedy é enviado para resgatar a filha do presidente em uma vila rural infestada por parasitas.,"Leon S. Kennedy, Ashley Graham, Ada Wong, Luis Sera","Sistema de mira over-the-shoulder, inventário limitado, combate tático",Revolucionou o gênero e influenciou muitos jogos de tiro em terceira pessoa.,Complete o jogo em menos de 5 horas para desbloquear a Chicago Typewriter.
Persona 4,RPG,2008,Atlus,Atlus,90,Um estudante se muda para Inaba e investiga assassinatos ligados a um mundo dentro das TVs.,"Yu Narukami, Yosuke, Chie, Yukiko, Kanji","Combate por turnos, Social Links, gerenciamento de tempo","Teve adaptações para anime, mangá e até musical.",Maximize todos os Social Links para o final verdadeiro.
Okami,Action-Adventure,2006,Clover Studio,Capcom,93,"Amaterasu, a deusa lobo, usa seu pincel celestial para restaurar a beleza ao mundo.","Amaterasu, Issun, Susano'o","Sistema de pintura celestial, combate estilo hack and slash",A arte foi inspirada em pinturas tradicionais japonesas.,Desenhe um círculo ao redor da lua cheia para transformar a noite em dia.
Burnout 3: Takedown,Racing,2004,Criterion Games,EA Games,94,Corridas de alta velocidade com ênfase em colisões espetaculares e manobras arriscadas.,N/A,"Sistema de Takedown, modos de colisão, boost por manobras",Considerado por muitos como o melhor jogo da série Burnout.,"Nas pistas com trânsito, colidir com ônibus causa acidentes maiores."
Dragon Quest VIII: Journey of the Cursed King,RPG,2004,Level-5,Square Enix,89,Um herói silencioso busca quebrar a maldição que transformou o rei em um troll.,"Hero, Yangus, Jessica, Angelo","Combate por turnos, sistema de habilidades, alquimia",Primeiro Dragon Quest com gráficos 3D e dublagem completa.,Derrote o Dragão Prateado no início do jogo para um desafio épico.
Prince of Persia: The Sands of Time,Action-Adventure,2003,Ubisoft Montreal,Ubisoft,92,O Príncipe doa Pérsia acidentalmente liberta as Areias do Tempo e deve consertar seu erro.,"Prince, Farah, Vizier","Parkour, combate acrobático, rewind time",O jogo quase foi cancelado durante o desenvolvimento.,"No menu principal, digite 'DIE' para ouvir uma piada do Príncipe."
Guitar Hero II,Rhythm,2006,Harmonix,RedOctane,92,Simulador de guitarra com sucessos do rock e um controle especial em forma de guitarra.,Vários avatares customizáveis,"Five-button guitar controller, star power, multiplayer",O jogo vendeu mais de 1.3 milhão de cópias nos primeiros 3 meses.,Complete todas as músicas no Expert para desbloquear a canção secreta.
Silent Hill 2,Survival Horror,2001,Team Silent,Konami,89,"James Sunderland recebe uma carta de sua esposa morta e vai para Silent Hill, encontrando horrores pessoais.","James, Maria, Pyramid Head, Angela","Atmosfera psicológica, quebra-cabeças, combate limitado",Pyramid Head foi inspirado em executores medievais.,Existem 6 finais diferentes baseados em suas ações.
Jak II,Action-Adventure,2003,Naughty Dog,Sony Computer Entertainment,87,Jak é experimentado com Dark Eco e ganha poderes enquanto tenta derrubar um regime opressivo.,"Jak, Daxter, Keira, Baron Praxis","Plataforma 3D, veículos, armas futuristas",Mudou drasticamente o tom em relação ao primeiro jogo.,Encontre todos os Orbs para desbloquear segredos.
Final Fantasy X,RPG,2001,Square,Square,92,"Tidus é transportado para o mundo de Spira, onde ajuda a invocadora Yuna em sua peregrinação para derrotar Sin.","Tidus, Yuna, Auron, Wakka, Lulu, Rikku, Kimahri","Conditional Turn-Based Battle, Sphere Grid, invocações",Primeiro Final Fantasy com vozes e o último dirigido por Hironobu Sakaguchi.,Capture monstros no Calm Lands para formar seu próprio time de batalha.
Kingdom Hearts,Action-RPG,2002,Square,Square,85,Sora viaja entre mundos inspirados em filmes Disney junto com Donald e Pateta para combater os Heartless.,"Sora, Riku, Kairi, Donald, Goofy, Mickey","Combate em tempo real, magias, aliados da Disney",Surgiu de uma conversa casual de elevador entre executivos da Square e Disney.,Derrote Sephiroth no Coliseu para obter a Keyblade mais poderosa.
Tony Hawk's Pro Skater 3,Sports,2001,Neversoft,Activision,97,"Simulador de skate com level design aberto, manobras complexas e desafios variados.","Tony Hawk, Rodney Mullen, Steve Caballero, outros skatistas profissionais","Sistema de manobras encadeadas, revert, park editor",Foi o primeiro jogo online para PlayStation 2.,Combine revert com manual para conseguir combos infinitos.
Devil May Cry 3: Dante's Awakening,Hack and Slash,2005,Capcom,Capcom,84,Prequel onde Dante enfrenta seu irmão gêmeo Vergil que tenta abrir um portal para o mundo demoníaco.,"Dante, Vergil, Lady, Arkham","Estilos de luta, armas únicas, sistema de ranking de combate",A primeira versão era tão difícil que a Capcom lançou uma versão especial mais equilibrada.,Aperte L3 + R3 durante o jogo para acessar o Modo Super Dante.
ICO,Puzzle-Adventure,2001,Team Ico,Sony Computer Entertainment,90,Um menino com chifres tenta escapar de um castelo enquanto protege uma garota misteriosa.,"Ico, Yorda, A Rainha","Puzzles ambientais, combate minimalista, guiar Yorda pelo castelo",A capa ocidental do jogo foi criticada pelo criador Fumito Ueda por ser muito comercial.,Complete o jogo uma vez para desbloquear o modo espelhado e as armas especiais.
Gran Turismo 4,Racing Simulation,2004,Polyphony Digital,Sony Computer Entertainment,89,"Simulador de corrida realista com mais de 700 carros e 50 circuitos, incluindo pistas reais.",N/A,"Física realista, customização detalhada, B-Spec (modo gerenciamento)","O desenvolvimento levou mais de 3 anos, com cada carro sendo modelado com precisão extrema.",Use carros específicos para desbloquear eventos secretos como as corridas de Formula GT.
Onimusha 3: Demon Siege,Action-Adventure,2004,Capcom,Capcom,85,Samanosuke Akechi e o policial francês Jacques Blanc combatem demônios em duas épocas diferentes.,"Samanosuke Akechi, Jacques Blanc, Michelle Aubert, Ako","Sistema de absorção de almas, combate com espadas, mudança entre personagens",O ator francês Jean Reno emprestou sua aparência e voz para o personagem Jacques.,"Durante a luta com Ranmaru, destrua os pilares da sala para causar dano extra."
Tekken 5,Fighting,2004,Namco,Namco,88,"Torneio do Punho de Ferro após a dissolução da Mishima Zaibatsu, com novos personagens e mecânicas.","Kazuya Mishima, Jin Kazama, Heihachi Mishima, e outros 30+ lutadores","Sistema de luta 3D, combos, arremessos técnicos","Inclui versões arcade completas de Tekken 1, 2 e 3 como bônus.",Complete o modo história com todos os personagens para desbloquear Jinpachi Mishima.
Ratchet & Clank: Up Your Arsenal,Platformer-Shooter,2004,Insomniac Games,Sony Computer Entertainment,91,Ratchet e Clank enfrentam o Dr. Nefarious que planeja transformar toda vida orgânica em robôs.,"Ratchet, Clank, Captain Qwark, Dr. Nefarious","Plataforma, armas bizarras e customizáveis, multiplayer",Primeiro jogo da série a incluir modo multiplayer online.,Encontre todos os Titanium Bolts para desbloquear filtros visuais especiais.
Metal Gear Solid 2: Sons of Liberty,Stealth,2001,Konami,Konami,96,Solid Snake e o novato Raiden enfrentam uma organização terrorista que sequestrou o presidente dos EUA.,"Solid Snake, Raiden, Otacon, Rose, Solidus Snake","Stealth aprimorado, perspectiva em primeira pessoa, ambiente interativo",Um dos primeiros jogos a abordar temas como fake news e controle da informação digital.,Tire fotos dos pôsteres em locais específicos para desbloquear extras.
SSX Tricky,Sports - Snowboarding,2001,EA Canada,EA Sports BIG,92,"Competição de snowboarding com pistas exageradas, manobras impossíveis e personagens carismáticos.","Mac, Kaori, Moby, Zoe, JP, e outros competidores","Sistema de truques Uber, combos, boost ilimitado com Tricky",Contou com vozes de celebridades como David Arquette e Macy Gray.,Use Kaori na pista Tokyo Megaplex para descobrir um atalho secreto.
Black,First-Person Shooter,2006,Criterion Games,Electronic Arts,80,Operativo Jack Kellar desvenda uma conspiração enquanto destrói praticamente tudo em seu caminho.,"Sergeant Jack Kellar, William Garrett, Lenox","Sistema de destruição ambiental, arsenal realista, ênfase em explosões","Desenvolvido pela mesma equipe de Burnout, mas com foco em destruição de cenários.",Atire nos carros vermelhos para causar explosões maiores e em cadeia.
Bully,Action-Adventure,2006,Rockstar Vancouver,Rockstar Games,87,"Jimmy Hopkins navega a vida no internato Bullworth Academy, lidando com valentões e autoridades.","Jimmy Hopkins, Gary Smith, Pete Kowalski, Dr. Crabblesnitch","Mundo aberto escolar, aulas como minigames, sistema de reputação",Originalmente chamado 'Canis Canem Edit' na Europa devido a controvérsias.,Complete todas as aulas de química para criar bombas de fedor ilimitadas.
TimeSplitters 2,First-Person Shooter,2002,Free Radical Design,Eidos Interactive,89,Os protagonistas viajam através de diferentes períodos históricos para impedir que alienígenas alterem o passado.,"Cortez, Hart, vários personagens específicos de cada época","FPS arcade, multiplayer split-screen, level editor",Criado por ex-membros da equipe de GoldenEye 007 e Perfect Dark.,"No nível da Sibéria, derrote todos os soldados sem ser detectado para um final alternativo."
Sly 2: Band of Thieves,Platformer-Stealth,2004,Sucker Punch Productions,Sony Computer Entertainment,88,Sly Cooper e sua gangue precisam recuperar as partes da Clockwerk antes que a Klaww Gang as use para o mal.,"Sly Cooper, Bentley, Murray, Carmelita Fox","Stealth, personagens jogáveis diferentes, planejamento de assaltos",A arte foi inspirada em quadrinhos e animações cel-shaded.,Mantenha-se anônimo durante uma missão inteira para receber recompensas extras.
God of War,Hack and Slash,2005,SCE Santa Monica Studio,Sony Computer Entertainment,94,O espartano Kratos faz um pacto com Ares e depois busca vingança contra o Deus da Guerra que o enganou.,"Kratos, Ares, Athena, Zeus, Oráculo","Combate com correntes, quick time events, puzzles",David Jaffe criou o conceito enquanto assistia a documentários sobre mitologia grega.,Termine o jogo na dificuldade God para desbloquear trajes especiais.
Katamari Damacy,Puzzle-Action,2004,Namco,Namco,86,O Príncipe do Cosmos rola uma bola adesiva (katamari) que cresce à medida que coleta objetos para substituir as estrelas.,"Prince, King of All Cosmos, Queen","Rolar katamari para coletar objetos, tempo limitado, objetivos de tamanho",Foi criado com um orçamento baixo por uma pequena equipe como experimento.,Encontre a vaca arco-íris escondida na fase Make a Star 4 para pontos extras.
Star Wars: Battlefront II,Action-Shooter,2005,Pandemic Studios,LucasArts,84,"Participe das maiores batalhas da série Star Wars como soldado, piloto ou jedi em diferentes eras.","Soldados de facções diversas, Jedi e Sith jogáveis","Combate em terceira pessoa, multiplayer em larga escala, naves espaciais",Inclui missões da operação 501 que se conectam aos eventos do Episódio III.,Acumule pontos suficientes em uma partida para jogar como Darth Vader ou Luke Skywalker.
Xenosaga Episode I: Der Wille zur Macht,RPG,2002,Monolith Soft,Namco,83,Shion Uzuki e seus aliados combatem uma ameaça alienígena enquanto investigam artefatos antigos em uma aventura espacial.,"Shion Uzuki, KOS-MOS, chaos, Jr., MOMO","Combate por turnos, Tech/Ether/Skill points, A.G.W.S. mechs","Parte de uma série planejada de seis jogos, mas apenas três foram concluídos.",Desbloqueie o minigame de cartas colecionáveis para ganhar itens raros.
Gradius V,Shoot 'em Up,2004,Treasure,Konami,87,O lendário caça Vic Viper retorna para enfrentar uma nova ameaça da armada Bacterian em um shooter clássico.,N/A,"Sistema de power-ups, opções de tiro, múltiplos tipos de nave","Desenvolvido pela Treasure, famosa por shooters como Ikaruga e Radiant Silvergun.",Selecione rapidamente opções específicas na tela de título para acessar naves secretas.
The Warriors,Beat 'em up,2005,Rockstar Toronto,Rockstar Games,84,"Baseado no filme de 1979, acompanha a gangue Warriors tentando retornar ao seu território após serem acusados de assassinato.","Swan, Ajax, Cleon, Cochise, outros membros dos Warriors","Combate corpo a corpo, gerenciamento de gangue, furtividade","Walter Hill, diretor do filme original, trabalhou como consultor no jogo.","No esconderijo da gangue, procure por desafios especiais que desbloqueiam conteúdo extra."
Final Fantasy XII,RPG,2006,Square Enix,Square Enix,92,"No mundo de Ivalice, Vaan e aliados se envolvem em uma guerra política entre impérios enquanto descobrem segredos antigos.","Vaan, Ashe, Balthier, Fran, Basch, Penelo","Sistema de batalha em tempo real, Gambit System, License Board","Foi dirigido por Yasumi Matsuno, criador de Final Fantasy Tactics, até seu afastamento por problemas de saúde.",Cace todos os monstros da Clan Primer para desbloquear recompensas especiais.
Ace Combat 04: Shattered Skies,Combat Flight Simulator,2001,Namco,Namco,89,Piloto com codinome Mobius 1 combate as forças de Erusea em uma guerra fictícia com aeronaves baseadas em modelos reais.,"Mobius 1, Yellow 13, diversos personagens de suporte","Simulação de voo acessível, campanha com narrativa, variedade de aeronaves",Primeiro jogo da série no PS2 e considerado um marco para a franquia.,Complete a campanha com ranking S para desbloquear a aeronave experimental X-02 Wyvern.
Psychonauts,Platformer,2005,Double Fine Productions,Majesco Entertainment,87,"Raz, um garoto com poderes psíquicos, infiltra-se em um acampamento para agentes psíquicos e descobre uma conspiração.","Razputin, Sasha Nein, Milla Vodello, Coach Oleander","Plataforma 3D, poderes psíquicos diversos, exploração mental","Primeiro jogo de Tim Schafer após deixar a LucasArts, foi um fracasso comercial inicial.","Dentro da mente de Boyd, descubra as pistas ocultas para resolver o mistério do incêndio."
Suikoden III,RPG,2002,Konami,Konami,86,"Três protagonistas encontram-se em lados opostos de um conflito, cada um com sua perspectiva dos eventos.","Hugo, Chris Lightfellow, Geddoe, dezenas de personagens recrutáveis","Sistema Trinity Sight, 108 Stars of Destiny, batalhas estratégicas",Primeiro Suikoden com gráficos 3D e o último com participação direta do criador da série.,Recrute todos os 108 Stars of Destiny para desbloquear o final verdadeiro.
Shin Megami Tensei: Nocturne,RPG,2003,Atlus,Atlus,82,"Após o Apocalipse, o protagonista é transformado em um meio-demônio e deve escolher como remodelar o mundo.","Demi-fiend, Chiaki, Isamu, Hikawa, Lucifer","Press Turn battle system, negociação com demônios, fusão de demônios",Inclui Dante de Devil May Cry como personagem jogável na versão Maniax.,Complete todos os calabouços Kalpas para enfrentar o chefe mais difícil do jogo.
Spider-Man 2,Action-Adventure,2004,Treyarch,Activision,80,"Baseado no filme, Peter Parker balanceia sua vida pessoal com a responsabilidade de ser o Homem-Aranha.","Spider-Man/Peter Parker, Doctor Octopus, Black Cat, Harry Osborn","Balanço livre pela cidade, combate ágil, missões secundárias",Considerado revolucionário por seu sistema de balanço e mundo aberto para a época.,Complete todas as missões de pizza entregando no tempo para desbloquear trajes alternativos.
Beyond Good & Evil,Action-Adventure,2003,Ubisoft Montpellier,Ubisoft,87,A fotógrafa Jade investiga uma conspiração alienígena que ameaça seu planeta.,"Jade, Pey'j, Double H, Secundo","Fotografia como mecânica principal, combate, stealth, quebra-cabeças","Fracasso comercial inicial, mas tornou-se um cult classic com sequência anunciada anos depois.",Fotografe todas as espécies de animais para desbloquear upgrades especiais.
Viewtiful Joe,Beat 'em up,2003,Capcom,Capcom,93,Joe é transportado para dentro de um filme e ganha poderes para resgatar sua namorada.,"Joe, Silvia, Captain Blue, Alastor","VFX Powers (slow motion, mach speed, zoom), combos, estilo side-scrolling","Dirigido por Hideki Kamiya, criador de Devil May Cry e Bayonetta.",Use slow + zoom em determinados inimigos para descobrir ataques especiais.
Disgaea: Hour of Darkness,Tactical RPG,2003,Nippon Ichi,Atlus,84,"Laharl, filho do Rei dos Demônios, desperta após dois anos e tenta reconquistar seu trono.","Laharl, Etna, Flonne, Mid-Boss","Combate tático por turnos, Item World, Geo Panels, level cap até 9999",O jogo é conhecido por seu humor único e sistemas que permitem power leveling extremo.,"No capítulo 3, levante Laharl 10 vezes para desbloquear uma cena secreta com Etna."
Jak and Daxter: The Precursor Legacy,Platformer,2001,Naughty Dog,Sony Computer Entertainment,90,"Jak e seu amigo transformado em doninha, Daxter, exploram um mundo para reverter a transformação e deter Gol e Maia.","Jak, Daxter, Samos, Keira","Plataforma 3D, coleta de Power Cells, mundo sem telas de carregamento","Primeiro grande título do PS2 da Naughty Dog, depois de Crash Bandicoot.",Colete todos os orbes de energia para desbloquear o final estendido.
Twisted Metal: Black,Vehicular Combat,2001,Incognito Entertainment,Sony Computer Entertainment,91,Competidores com veículos armados participam do torneio Twisted Metal organizado por Calypso.,"Sweet Tooth, Dollface, Mr. Grimm, outros pilotos","Combate veicular, armas especiais únicas para cada veículo",Tom de história muito mais sombrio que os jogos anteriores da série.,"Na arena Snowy Roads, derrube todos os bonecos de neve para desbloquear o carro Minion."
Need for Speed: Underground 2,Racing,2004,EA Black Box,Electronic Arts,82,Corridas ilegais de rua em mundo aberto com amplas opções de personalização de veículos.,N/A,"Customização detalhada, mundo aberto, diferentes modos de corrida",Introduziu a exploração livre em mundo aberto na série Need for Speed.,Dirija para o aeroporto à noite para encontrar corridas secretas com recompensas únicas.
Zone of the Enders: The 2nd Runner,Action Mecha,2003,Konami,Konami,82,Dingo Egret encontra o mecha Jehuty e luta contra as forças BAHRAM em uma batalha pelo controle de Marte.,"Dingo Egret, Ken Marinaris, Nohman, ADA","Combate de mecha em alta velocidade, armas de energia, ataques especiais",Produzido por Hideo Kojima como um projeto paralelo a Metal Gear Solid.,Colete todos os Zoradias escondidos para desbloquear o modo Versus completo.
Amplitude,Rhythm,2003,Harmonix,Sony Computer Entertainment,84,Jogo musical onde o jogador pilota uma nave e ativa notas em diferentes pistas para compor músicas.,N/A,"Ativação de múltiplas pistas musicais, power-ups, multiplayer","Precursor de Guitar Hero e Rock Band, também da Harmonix.",Jogue na dificuldade insano para desbloquear músicas secretas e remixes.
Mercenaries: Playground of Destruction,Action-Adventure,2005,Pandemic Studios,LucasArts,84,Um mercenário trabalha para diversas facções na Coreia do Norte durante uma guerra civil.,"Chris Jacobs, Jennifer Mui, Mattias Nilsson","Mundo aberto destrutível, veículos, suporte aéreo, diferentes facções",Um dos primeiros jogos com ambientes quase completamente destrutíveis.,Use o código 'Bomber' para ter acesso a bombardeios aéreos ilimitados.
Rogue Galaxy,Action RPG,2005,Level-5,Sony Computer Entertainment,85,Jaster Rogue é confundido com um lendário caçador de recompensas e se junta a piratas espaciais em uma aventura pela galáxia.,"Jaster Rogue, Simon, Lilika, Steve","Combate em tempo real, Factory System para criação de itens, Revelation Flow",Um dos últimos grandes RPGs exclusivos do PS2.,Complete todas as caçadas do Hunter's Guild para desbloquear armas lendárias.
Baldur's Gate: Dark Alliance,Action RPG,2001,Snowblind Studios,Black Isle Studios,87,"Três aventureiros combatem uma conspiração que ameaça a cidade de Baldur's Gate, ambientado no universo de Dungeons & Dragons.","Vahn, Kromlech, Adrianna","Hack and slash com elementos de RPG, customização de equipamentos, cooperativo",Adaptação da série Baldur's Gate para consoles com foco em ação.,Encontre as 9 estátuas escondidas para obter a arma mais poderosa do jogo.
Fatal Frame II: Crimson Butterfly,Survival Horror,2003,Tecmo,Tecmo,85,Gêmeas Mio e Mayu encontram uma vila abandonada habitada por fantasmas que só podem ser derrotados com uma câmera especial.,"Mio Amakura, Mayu Amakura, vários fantasmas com histórias próprias","Camera Obscura para combater fantasmas, exploração, puzzles",Baseado em lendas japonesas reais sobre sacrifícios de gêmeos.,Fotografe fantasmas em ângulos específicos para maximizar o dano com a câmera.
NBA Street Vol. 2,Sports,2003,EA Canada,EA Sports BIG,89,Basquete de rua com jogadores da NBA e lendas em quadras urbanas com jogabilidade arcade.,"Jogadores da NBA como Allen Iverson, Michael Jordan, e personagens originais","Sistema de truques, Gamebreakers, 3x3 com movimentos exagerados","Primeiro jogo a incluir Michael Jordan, Dr. J e Magic Johnson juntos.",Vença todos os torneios para desbloquear a quadra secreta de Rucker Park.
War of the Monsters,Fighting,2003,Incognito Entertainment,Sony Computer Entertainment,82,Monstros gigantes inspirados em filmes clássicos de Kaiju lutam em cidades destrutíveis.,"Congar (King Kong), Togera (Godzilla), Robo-47 (robôs gigantes)","Arenas destrutíveis, armas ambientais, combate em 3D livre",Homenageia filmes de monstros dos anos 50-60 com estética correspondente.,"Na fase do parque de diversões, derrube a montanha-russa para criar um novo caminho."
Soulcalibur II,Fighting,2003,Project Soul,Namco,91,Guerreiros de diferentes origens buscam a lendária espada Soul Edge em um torneio de combate com armas.,"Mitsurugi, Ivy, Nightmare, Kilik, Heihachi (exclusivo do PS2)","Combate com armas em arenas 3D, Guard Impact, movimentos especiais",Cada versão de console tinha um personagem convidado exclusivo.,Complete o modo Weapon Master para desbloquear todos os trajes alternativos.
Manhunt,Stealth Horror,2003,Rockstar North,Rockstar Games,76,"James Earl Cash é forçado a participar de um 'filme' snuff dirigido por um diretor psicopata, eliminando gangues violentas.","James Earl Cash, Diretor Starkweather, Piggsy","Stealth, execuções brutais, classificação por nível de violência",Um dos jogos mais controversos da história devido à violência gráfica.,Obtenha classificação 5 estrelas em todas as fases para desbloquear conteúdos extras.
Radiata Stories,RPG,2005,tri-Ace,Square Enix,76,"Jack Russell, um jovem cavaleiro, encontra-se no meio de uma guerra entre humanos e fadas.","Jack Russell, Ridley Silverlake, Ganz Rothschild","Combate em tempo real, recrutamento de 176 personagens, ciclo de dia e noite","O jogo permite chutar praticamente tudo, incluindo pessoas, para interagir com o ambiente.",Siga personagens específicos durante o dia para descobrir side quests secretas.
SOCOM II: U.S. Navy SEALs,Tactical Shooter,2003,Zipper Interactive,Sony Computer Entertainment,87,"Comandando uma equipe de Navy SEALs, o jogador participa de operações militares táticas ao redor do mundo.","SEAL Fireteam (Boomer, Jester, Spectre), antagonistas variados","Controle tático, comandos de voz com headset, multijogador online",Um dos primeiros grandes sucessos de multiplayer online do PS2.,Use o headset para dar ordens específicas que não estão disponíveis no menu de comandos.
Mark of Kri,Action-Adventure,2002,SCE San Diego Studio,Sony Computer Entertainment,84,"Rau, um poderoso guerreiro com um pássaro guia, enfrenta uma antiga maldição e cultistas perigosos.","Rau Utu, Kuzo (pássaro), Tati","Sistema de combate com múltiplos inimigos usando o analógico direito, stealth","A arte do jogo foi inspirada em animações da Disney, apesar do conteúdo violento.",Encontre todos os totens escondidos para aumentar permanentemente sua saúde máxima.
Soul Calibur III,Fighting,2005,Project Soul,Namco,86,"Continuação da saga da espada Soul Edge, com novos personagens e história expandida.","Mitsurugi, Ivy, Nightmare, Kilik, Tira, Zasalamel","Combate com armas, sistema de criação de personagens, modos Chronicles of the Sword e Tales of Souls",Primeiro jogo da série a incluir um criador de personagens detalhado.,Complete o modo Chronicles of the Sword para desbloquear partes de equipamento raras.
Gitaroo Man,Rhythm,2001,iNiS,Koei,80,"U-1, um garoto tímido, descobre que é o lendário Gitaroo Man e deve defender a Terra com sua guitarra mágica.","U-1/Gitaroo Man, Puma, Kirah, vários chefes musicais","Controle de traços de guitarra, seções de defesa e ataque",Cult classic com trilha sonora que mistura diversos gêneros musicais.,Complete o jogo na dificuldade Masters para desbloquear a música secreta 'Legendary Theme'.
Front Mission 4,Tactical RPG,2003,Square Enix,Square Enix,74,"Em um futuro alternativo, conflitos geopolíticos são resolvidos com batalhas de mechas chamados Wanzers.","Elsa, Darril, Billy, Hermes","Combate tático por turnos, customização detalhada de Wanzers, ataques linkados",Foi o primeiro jogo da série a ser completamente ambientado na Europa e América do Sul.,Personalize seus Wanzers com equilíbrio entre peso e poder de fogo para maior eficiência.
Dark Cloud 2,Action RPG,2002,Level-5,Sony Computer Entertainment,87,Max e Monica viajam entre presente e futuro para impedir que o maligno Imperador Griffin altere a história.,"Max, Monica, Cedric, Flotsam","Dungeon crawling, Georama (construção de cidades), invenções, pesca, golfe",Conhecido como Dark Chronicle na Europa e Japão.,Use a câmera para fotografar todos os objetos do mundo e completar suas ideias de invenção.
Klonoa 2: Lunatea's Veil,Platformer,2001,Namco,Namco,91,"Klonoa é transportado para o mundo de Lunatea, onde deve restaurar o equilíbrio usando seu anel Wind Bullet.","Klonoa, Lolo, Popka, Leorina","Plataforma 2.5D, Wind Bullet para pegar inimigos, voo controlado",A misteriosa língua falada no jogo é na verdade japonês tocado de trás para frente.,Colete todos os Momett Dolls em cada nível para desbloquear áreas secretas.
Def Jam: Fight for NY,Fighting,2004,EA Chicago,EA Games,84,"Lutador de rua personalizado enfrenta gangues em Nova York, com rappers reais como Snoop Dogg e Method Man.","D-Mob, Snoop Dogg, Method Man, Redman, outros rappers","Combate em ambientes interativos, diferentes estilos de luta, personalização de personagem",Mais de 40 artistas da Def Jam Records aparecem como personagens.,Foque em um único estilo de luta para maximizar sua eficiência em torneios.
Wild Arms 3,RPG,2002,Media.Vision,Sony Computer Entertainment,82,"Quatro Drifters buscam fortuna no planeta Filgaia, um mundo em estilo Velho Oeste com tecnologia e magia.","Virginia Maxwell, Jet Enduro, Clive Winslett, Gallows Caradine","Combate por turnos, puzzles com ferramentas, sistema de ADV (armas mágicas)",Primeiro jogo da série com gráficos cel-shaded em estilo anime.,"No início do jogo, selecione 'chaotic' quando perguntado sobre sua vida para ganhar itens raros."
Haunting Ground,Survival Horror,2005,Capcom,Capcom,67,"Fiona Belli acorda em um castelo misterioso após um acidente e, com a ajuda de um cão chamado Hewie, tenta escapar de seus perseguidores.","Fiona Belli, Hewie, Debilitas, Daniella, Riccardo","Evasão, esconderijos, comandos para o cão, sistema de pânico","Considerado um sucessor espiritual de Clock Tower, com ênfase em fuga em vez de combate.",Trate bem o Hewie e recompense-o frequentemente para melhorar sua resposta aos comandos.
Maximo: Ghosts to Glory,Action-Adventure,2001,Capcom,Capcom,84,"Inspirado em Ghosts 'n Goblins, o cavaleiro Maximo deve derrotar o feiticeiro Achille que roubou seu reino e sua noiva.","Maximo, Grim Reaper, Achille, Sophia","Plataforma 3D com combate de espada, armaduras que se despedaçam com danos",Projetado como uma reinvenção 3D do clássico Ghosts 'n Goblins.,Gaste moedas com o Grim Reaper para garantir continues adicionais.
Raw Danger!,Survival Adventure,2006,Irem,Agetec,71,"Durante uma inundação catastrófica, seis personagens tentam sobreviver enquanto descobrem uma conspiração por trás do desastre.","Joshua Harwell, Amber Brazil, outros 4 protagonistas jogáveis","Sobrevivência, gerenciamento de temperatura corporal, múltiplas rotas de história","Sequência espiritual de Disaster Report, com ênfase em escolhas que afetam a narrativa.",Mantenha-se seco e aquecido durante tempestades para evitar hipotermia.
Dark Cloud,Action RPG,2000,Level-5,Sony Computer Entertainment,80,"Toan recebe a Atlamillia, uma pedra mágica que pode restaurar o mundo após sua destruição pelo Gênio Negro.","Toan, Xiao, Goro, Ruby, Ungaga, Osmond","Dungeon crawling, Georama (reconstrução de vilas), armas com atributos únicos","Primeiro jogo desenvolvido pela Level-5, que depois criou séries como Professor Layton.",Mantenha suas armas reparadas pois elas podem quebrar permanentemente se a durabilidade chegar a zero.
Shadow Hearts,RPG,2001,Sacnoth,Midway,85,"Em uma versão alternativa de 1913, Yuri Hyuga, um harmonixer que pode se transformar em monstros, luta contra forças sobrenaturais.","Yuri Hyuga, Alice Elliot, Zhuzhen, Margarete","Judgment Ring para ações, fusões com monstros, ambientação de horror","Sucessor espiritual de Koudelka do PlayStation 1, misturando RPG e horror.","Para aumentar suas chances no Judgment Ring, procure por itens que expandem as áreas de acerto."
Final Fantasy X-2,RPG,2003,Square,Square,85,"Dois anos após Final Fantasy X, Yuna se torna uma caçadora de esferas e busca pistas sobre o paradeiro de Tidus.","Yuna, Rikku, Paine, Leblanc, Nooj","Sistema de Garment Grid, missões não-lineares, múltiplos finais",Primeira sequência direta numerada na história da série Final Fantasy.,Complete 100% do jogo para ver o final secreto com o retorno de Tidus.
Dirge of Cerberus: Final Fantasy VII,Third-Person Shooter,2006,Square Enix,Square Enix,57,Vincent Valentine combate a misteriosa organização Deepground que ameaça o planeta três anos após os eventos de FFVII.,"Vincent Valentine, Yuffie, Shelke, Weiss, Nero","Tiro em terceira pessoa, customização de armas, elementos de RPG","Parte da Compilation of Final Fantasy VII, que expandiu o universo do jogo original.",Colete telefones móveis escondidos para desbloquear conteúdo extra e armas poderosas.
Breath of Fire: Dragon Quarter,RPG,2002,Capcom,Capcom,83,"Em um mundo subterrâneo pós-apocalíptico, Ryu deve escolher entre usar poderes de dragão perigosos ou salvar uma garota misteriosa.","Ryu, Nina, Lin, Bosch","Sistema SOL (cenário reiniciável), medidor D-Counter, combate tático","Radical mudança na série, extremamente diferente dos jogos anteriores tanto em história quanto em mecânicas.","Após terminar o jogo uma vez, reinicie o Scenario Overlay para desbloquear cenas extras."
Bloody Roar 3,Fighting,2000,Eighting,Hudson Soft,79,Lutadores com a habilidade de se transformar em animais (Zoanthropes) competem em um torneio global.,"Yugo, Alice, Long, Uriko, e outros zoanthropes","Sistema de transformação Beast Mode, arenas com paredes, ataques especiais",A série Bloody Roar foi uma das primeiras a utilizar o conceito de transformação durante combates.,Mantenha seu medidor Beast cheio para executar o devastador Beast Drive.
Dynasty Warriors 5,Hack and Slash,2005,Omega Force,Koei,78,"Baseado no Romance dos Três Reinos, permite controlar generais históricos em batalhas massivas durante a guerra civil chinesa.","Cao Cao, Liu Bei, Sun Jian, Lu Bu, dezenas de outros generais","Combate um contra centenas, Musou Attacks, modos de história para cada reino","A série é conhecida por exagerar feitos históricos, transformando generais em super-humanos.",Complete o modo Musou de todos os personagens para desbloquear modos de jogo adicionais.
Armored Core 3,Mecha Simulation,2002,FromSoftware,Agetec,81,"Como piloto mercenário, o jogador customiza seu mecha (AC) para completar missões de várias corporações em guerra.","NINEBALL, vários operadores de missão","Customização detalhada de mechas, economia de energia e munição, testes de arena","Desenvolvido pela FromSoftware, que mais tarde criaria a série Dark Souls.",Equilibre peso e mobilidade em seu AC para sobreviver a missões mais difíceis.
Monster Hunter,Action RPG,2004,Capcom,Capcom,71,"Caçadores enfrentam monstros gigantes para coletar materiais e criar equipamentos melhores, em um ciclo de caça-coleta-criação.","Caçadores customizáveis, vários NPCs de vila","Caça de monstros, sistema de dano por área, coleta de recursos",Primeiro jogo da franquia que se tornaria uma das mais lucrativas da Capcom.,Aprenda os padrões de ataque dos monstros antes de enfrentá-los diretamente.
Ape Escape 3,Platformer,2005,SCE Japan Studio,Sony Computer Entertainment,82,Kei e Yumi devem capturar macacos que escaparam e estão causando problemas em vários cenários de TV.,"Kei, Yumi, Professor, Specter, Jimmy","Transformações de personagem, gadgets especiais, captura de macacos",Inclui paródias de filmes e programas de TV populares da época.,Capture todos os macacos para desbloquear minigames especiais.
Front Mission 3,Tactical RPG,1999,Square,Square,81,"Em um futuro alternativo, conflitos internacionais são resolvidos com Wanzers, mechas de combate pilotados.","Kazuki Takemura, Ryogo Kusama, Alisa Takemura","Combate tático por turnos, customização de Wanzers, ataques especiais",O jogo tem duas campanhas completamente diferentes dependendo de uma escolha feita no início.,"No início, escolha 'ir com Emma' ou 'ficar com Ryogo' para experimentar campanhas diferentes."
XIII,First-Person Shooter,2003,Ubisoft Paris,Ubisoft,74,"Baseado em uma HQ belga, um homem com amnésia identificado apenas como 'XIII' tenta descobrir seu passado e envolvimento em uma conspiração.","XIII, General Carrington, Mangusta, The Mongoose","FPS com estilo cel-shaded, sistema de stealth, armas variadas","O visual único imita quadrinhos, com onomatopeias e painéis durante o gameplay.",Use armas silenciosas como a besta para eliminar inimigos discretamente.
Urban Chaos: Riot Response,First-Person Shooter,2006,Rocksteady Studios,Eidos Interactive,72,"Como oficial Nick Mason da unidade T-Zero, o jogador combate uma gangue chamada Burners em uma cidade dominada pela violência.","Nick Mason, Kwan Chang, Morello","Sistema de escudo tático, resgate de civis, cooperação com bombeiros e paramédicos",Desenvolvido pela Rocksteady antes de eles criarem a série Batman: Arkham.,Use seu escudo para avançar contra inimigos armados e proteger reféns.
Legacy of Kain: Soul Reaver 2,Action-Adventure,2001,Crystal Dynamics,Eidos Interactive,80,"Raziel, um vampiro transformado em espectro, viaja através do tempo para descobrir a verdade sobre seu destino e o de Nosgoth.","Raziel, Kain, Moebius, Elder God","Viagens entre planos materiais/espectrais, combate com almas, quebra-cabeças ambientais",A narrativa complexa e questões filosóficas são frequentemente elogiadas pelos fãs.,Use a Soul Reaver em locais específicos para descobrir salas secretas.
Ico,Puzzle-Adventure,2001,Team Ico,Sony Computer Entertainment,90,"Um menino com chifres chamado Ico ajuda uma misteriosa garota chamada Yorda a escapar de um castelo, enquanto enfrenta sombras.","Ico, Yorda, A Rainha","Puzzles ambientais, combate simples com bastão, mecânica de segurar mãos",Influenciou fortemente o design minimalista em jogos narrativos.,Complete o jogo uma vez para desbloquear o modo espelhado com tradução das falas de Yorda.
Steambot Chronicles,RPG,2005,Irem,Atlus,71,Um jovem com amnésia se envolve com uma banda musical e conflitos políticos enquanto pilota um mecha customizável.,"Vanilla, Connie, Dandelion, Rosemary","Customização de Trotmobiles (mechas), instrumentos musicais jogáveis, múltiplas rotas de história",Um dos poucos RPGs que permite ao jogador escolher ser vilão em vez de herói.,Participe de todas as sessões musicais para melhorar suas habilidades com instrumentos.
Blood Will Tell,Action,2004,WOW Entertainment,Sega,69,"Baseado no mangá Dororo, Hyakkimaru busca recuperar as 48 partes de seu corpo roubadas por demônios, com a ajuda de Dororo.","Hyakkimaru, Dororo, Jukai, Tahoumaru","Membros protéticos com armas, habilidades desbloqueáveis, seções jogáveis como Dororo",Adaptação do clássico mangá de Osamu Tezuka dos anos 60.,Colete almas vermelhas para aumentar sua barra de saúde permanentemente.
Digital Devil Saga,RPG,2004,Atlus,Atlus,82,"Em um mundo pós-apocalíptico chamado Junkyard, tribos em guerra ganham a habilidade de se transformar em demônios.","Serph, Argilla, Heat, Cielo, Gale","Sistema Press Turn, transformação em demônios, Mantra Grid para habilidades",Spin-off da série Shin Megami Tensei com elementos mais filosóficos.,Derrote inimigos usando suas fraquezas elementais para ganhar mais pontos de habilidade.
Champions of Norrath,Action RPG,2004,Snowblind Studios,Sony Online Entertainment,86,"Aventureiros embarcam em uma missão para salvar o reino de Norrath, baseado no universo de EverQuest.","Classes: Bárbaro, Clérigo, Ranger, Mago, Elfo Negro","Dungeon crawler hack and slash, cooperativo para 4 jogadores, loot aleatório",Usado o mesmo engine de Baldur's Gate: Dark Alliance.,Complete o jogo na dificuldade mais alta para desbloquear o modo desafio extremo.
Magna Carta: Tears of Blood,RPG,2004,Softmax,Atlus,63,"Durante uma guerra entre humanos e a raça Yason, o mercenário Calintz descobre segredos que podem mudar o curso do conflito.","Calintz, Reith, Azel, Eonis","Sistema Trinity Circle, Chi para magias, combate por turnos","Design de personagens feito por Hyung-Tae Kim, artista coreano renomado.",Domine o sistema de tempo para maximizar dano em combates.
Darkwatch,First-Person Shooter,2005,High Moon Studios,Capcom,75,"Jericho Cross, um ladrão de trem transformado em meio-vampiro, caça sobrenaturais no Velho Oeste americano.","Jericho Cross, Cassidy Sharp, Tala, Lazarus Malkoth","FPS com habilidades vampíricas, sistema moral de escolhas, montaria","Mistura única de western, horror gótico e steampunk.",Escolhas morais durante o jogo afetam seus poderes vampíricos e o final da história.
The Red Star,Beat 'em up/Shoot 'em up,2007,XS Games,XS Games,70,"Baseado no quadrinho homônimo, soldados enfrentam o exército de um tirano em uma versão alternativa da União Soviética.","Makita, Kyuzo, Maya Antares","Híbrido de beat 'em up com shooter, ataques de protocolo (magia), bloqueio","Ficou quase completo pela Acclaim antes da empresa falir, sendo lançado anos depois.",Economize energia de protocolo para enfrentar os chefes mais difíceis.
Primal,Action-Adventure,2003,SCE Cambridge Studio,Sony Computer Entertainment,72,"Jen, após um ataque que deixa seu namorado em coma, descobre que pode viajar entre reinos demoníacos para restaurar o equilíbrio.","Jen, Scree, Abaddon, Belahzur","Transformação em diferentes demônios, parceiro gárgula, puzzles com dois personagens","Conta com a voz e aparência da cantora da banda KMFDM, Lucia Cifarelli.",Use as diferentes formas demoníacas estrategicamente dependendo do ambiente.
Samurai Western,Action,2005,Acquire,Atlus,58,"O samurai Gojiro Kiryu viaja ao Velho Oeste americano para encontrar seu irmão, enfrentando foras-da-lei com sua katana.","Gojiro Kiryu, Ralph, Joshua","Hack and slash, deflexão de balas, trajes com habilidades especiais",Spin-off da série Way of the Samurai.,Encontre todos os trajes escondidos para desbloquear habilidades únicas.
Contra: Shattered Soldier,Run and Gun,2002,Konami,Konami,80,Os soldados Bill Rizer e Lucia são enviados para combater a organização terrorista Blood Falcon.,"Bill Rizer, Lucia, Lance Bean","Run and gun clássico, sistema de três armas, ranking por hits",Retorno às raízes da série após experimentos 3D malsucedidos.,Destrua 100% dos alvos em cada nível para obter o ranking S e ver o final verdadeiro.
Tenchu: Wrath of Heaven,Stealth,2003,K2,Activision,79,Ninjas do clã Azuma enfrentam inimigos sobrenaturais em missões de assassinato e espionagem no Japão feudal.,"Rikimaru, Ayame, Tesshu","Stealth, movimentos ninjas, itens especiais, execuções furtivas",Considerado por muitos fãs como o melhor jogo da série Tenchu.,Termine todas as missões com rank S para desbloquear equipamentos especiais.
Grandia III,RPG,2005,Game Arts,Square Enix,77,"Yuki, um jovem que sonha em voar, e uma misteriosa garota chamada Alfina embarcam em uma aventura para salvar o mundo de um culto maligno.","Yuki, Alfina, Miranda, Alonso","Sistema de combate por turnos com iniciativa, adiamento de ações inimigas, magias elementais","Conhecido por um dos melhores sistemas de batalha em RPGs, apesar da história mais fraca.",Execute combos de ataques e magias para aumentar a eficiência em batalhas.
Rule of Rose,Survival Horror,2006,Punchline,Atlus,59,Jennifer busca seu cachorro perdido em um orfanato onde é atormentada por meninas cruéis em uma história sombria e simbólica.,"Jennifer, Brown (cão), Diana, Wendy","Exploração, combate limitado, quebra-cabeças, uso do cão para encontrar pistas",Causou controvérsia na Europa e foi banido em vários países devido a seu conteúdo.,Use seu cão Brown frequentemente para encontrar itens escondidos essenciais.
Valkyrie Profile 2: Silmeria,RPG,2006,tri-Ace,Square Enix,84,"A princesa Alicia é possuída pela valquíria rebelde Silmeria, que busca impedir os planos de Odin e dos deuses.","Alicia/Silmeria, Rufus, Dylan/Brahms, Lezard","Combate em tempo real com elementos por turnos, Photons, recrutamento de einherjar","Prequel do jogo original do PlayStation 1, explorando mais a mitologia nórdica.",Use a captura de Photons para congelar inimigos e obter bônus de ataque.
GrimGrimoire,Real-Time Strategy,2007,Vanillaware,Nippon Ichi Software,74,"A estudante de magia Lillet Blan vive o mesmo período de cinco dias repetidamente, tentando impedir uma catástrofe na academia.","Lillet Blan, Gammel Dore, Advocat, Grimlet","RTS 2D, invocação de familiares, quatro escolas de magia, ciclo de tempo","Desenvolvido pela Vanillaware, conhecida por seus visuais artísticos únicos.",Domine a escola de magia Necromancia para criar estratégias econômicas poderosas.
Ibara,Shoot 'em up,2006,Cave,Taito,71,"Shooter vertical onde pilotos enfrentam a ameaça biomecânica Rose Garden, conhecida por sua dificuldade extrema.","Prope, Dista, pilotos jogáveis","Bullet hell, rank system, chain combo, sistema de medals","Criado pela Cave, empresa lendária de shooters arcade.",Colete as medalhas em ordem numérica para maximizar a pontuação.
Robot Alchemic Drive,Action,2002,Sandlot,Enix,78,O jogador controla enormes robôs à distância para defender a Terra contra invasores alienígenas.,"Naoto Tsukioka, Ryo Kobayashi, Yui Tsukioka","Controle de robôs gigantes em terceira pessoa, dois analógicos para movimentos",Um dos poucos jogos que captura efetivamente a sensação de controlar robots gigantes.,"Use ataques especiais para derrotar inimigos mais rapidamente, mas cuidado com o superaquecimento."
Ar tonelico: Melody of Elemia,RPG,2006,Gust,NIS America,73,"Em um mundo onde a música tem poder mágico, Lyner deve salvar a última torre da humanidade com a ajuda de Reyvateils, garotas com poderes musicais.","Lyner Barsett, Aurica Nestmile, Misha Arsellec Lune","Combate por turnos, Dive system para explorar mentes das Reyvateils, Song Magic",Conhecido por sua trilha sonora excepcional e linguagem fictícia cantada.,Fortaleça os laços com as Reyvateils através do sistema Dive para desbloquear magias poderosas.
Shin Megami Tensei: Digital Devil Saga 2,RPG,2005,Atlus,Atlus,83,"Continuação direta do primeiro jogo, onde os sobreviventes chegam ao mundo real devastado e continuam sua busca pelo Nirvana.","Serph, Sera, Heat, Argilla, Gale, Cielo","Press Turn battle system, transformação em demônios aprimorada, Solar Noise",Conclusão da história que explora temas de reencarnação e identidade.,O sistema Solar Noise afeta encontros aleatórios; use-o estrategicamente para farming.
Chulip,Adventure,2002,Punchline,Victor Interactive Software,61,Um menino em uma estranha vila deve beijar seus excêntricos moradores para ganhar aceitação e conquistar sua amada.,"Protagonista sem nome, moradores bizarros da vila","Social simulation, puzzles, timing para beijos, ciclo dia/noite",Jogo cult japonês conhecido por seu humor peculiar e premissa única.,Observe a rotina dos habitantes para determinar o melhor momento para interagir com eles.
Rayman 3: Hoodlum Havoc,Platformer,2003,Ubisoft,Ubisoft,77,"Rayman deve salvar o mundo de André, um Lum Negro que transformou outros Lums em criaturas malvadas chamadas Hoodlums.","Rayman, Globox, Murfy, André","Plataforma 3D, poderes temporários em latas, sistema de combos e pontuação",Tom mais sombrio e humorístico que os jogos anteriores da série.,Colete o máximo de pedras preciosas para desbloquear bônus de arte conceitual.
Shadow Hearts: Covenant,RPG,2004,Nautilus,Midway,85,Yuri Hyuga reencontra seus aliados durante a Primeira Guerra Mundial para enfrentar uma organização secreta chamada Sapientes Gladio.,"Yuri Hyuga, Karin Koenig, Nicolai, Anastasia","Judgment Ring aprimorado, Fusion Monsters, combos em grupo",Mescla eventos históricos reais com elementos sobrenaturais e humor.,Complete as sidequests para obter as fusões mais poderosas para Yuri.
Kuon,Survival Horror,2004,FromSoftware,Agetec,70,"Ambientado no Japão feudal, narra a história de três personagens envolvidos em eventos sobrenaturais em uma mansão amaldiçoada.","Utsuki, Sakuya, Doman","Horror com câmera fixa, diferentes campanhas por personagem, magias orientais",Baseado em lendas do folclore japonês e desenvolvido pela FromSoftware.,Economize seus itens de cura; eles são extremamente raros no jogo.
Chaos Legion,Action Hack and Slash,2003,Capcom,Capcom,65,Sieg Wahrheit usa legiões de monstros invocados para combater as forças de seu ex-amigo Victor Delacroix.,"Sieg Wahrheit, Victor Delacroix, Siela Riviere",Hack and slash com sistema de legiões como unidades de suporte,O conceito artístico foi inspirado na obra do escritor japonês Tow Ubukata.,Desenvolva a legião Sword antes das outras para facilitar combates iniciais.
Michigan: Report from Hell,Survival Horror,2004,Grasshopper Manufacture,Spike,43,Um cinegrafista acompanha repórteres para cobrir uma misteriosa névoa em Chicago que transforma pessoas em monstros.,"Protagonista não nomeado (cinegrafista), Brisco, Pamela","Gameplay em primeira pessoa através de uma câmera, sistema de medo, diferentes finais","Dirigido por Suda51, conhecido por jogos com narrativas não-convencionais como Killer7.",Filme eventos específicos para aumentar seu rank de jornalismo e desbloquear finais melhores.
Drakengard,Action RPG,2003,Cavia,Square Enix,63,Caim forma um pacto com um dragão vermelho para salvar sua irmã e impedir que o Império use magia proibida para ressuscitar deuses malignos.,"Caim, Angelus (dragão), Furiae, Inuart","Combate hack and slash em solo, batalhas aéreas com dragão, múltiplos finais","Drakengard tem uma conexão direta com NieR, já que um de seus finais leva aos eventos desse jogo.","Complete todas as armas para desbloquear o caminho para o final E, o mais difícil e bizarro."
